,Classification Report
Random Forest,"              precision    recall  f1-score   support

           0       0.98      0.98      0.98        94
           1       0.98      0.98      0.98        97
           2       1.00      1.00      1.00        51

    accuracy                           0.98       242
   macro avg       0.99      0.99      0.99       242
weighted avg       0.98      0.98      0.98       242
"
Gradient Boosting,"              precision    recall  f1-score   support

           0       0.55      0.35      0.43        94
           1       0.53      0.72      0.61        97
           2       1.00      1.00      1.00        51

    accuracy                           0.64       242
   macro avg       0.69      0.69      0.68       242
weighted avg       0.64      0.64      0.62       242
"
Decision Tree,"              precision    recall  f1-score   support

           0       0.96      0.96      0.96        94
           1       0.96      0.96      0.96        97
           2       1.00      1.00      1.00        51

    accuracy                           0.97       242
   macro avg       0.97      0.97      0.97       242
weighted avg       0.97      0.97      0.97       242
"
Logistic Regression,"              precision    recall  f1-score   support

           0       0.99      0.98      0.98        94
           1       0.98      0.99      0.98        97
           2       1.00      1.00      1.00        51

    accuracy                           0.99       242
   macro avg       0.99      0.99      0.99       242
weighted avg       0.99      0.99      0.99       242
"
